Title,Seq,Level,Tags,Date,Time of Day,Status,Link,Address,Cost,Body
Santa Fe Trip Book,,1,,3 May 2023,,,,,,"#### Key

| Seq | Category |
| ---- | ------|
| x.1 | Air Travel |
| x.2 | Ground Travel |
| x.3 | Lodging |
| x.4 | Breakfast |
| x.5 | Recreation and Entertainment |
| x.6 | Lunch / Dinner |"
"Wednesday, May 3",3,2,,,,,,,,
MasterPark Lot C,3.1,3,,03 May 2023,01:00 pm,6 - Booked,https://masterparking.com,"16025 International Blvd., SeaTac, WA 98188",,"Name:	Herbert Bowie  
Address:	paulinebowie@mac.com  
Dropoff:	05/03/2023 1:00 PM  
Pickup:	05/08/2023 10:30 PM  
Location:	Lot C"
Alaska Flight # 650 out,3.2,3,travel,03 May 2023,03:00 pm,6 - Booked,https://www.alaskaair.com/trips,,,"Flight confirmation code: CDYCLM  

Departs SeaTac at 3:00 PM  
Arrives Albuquerque 6:55 PM"
National Car Rental - Pickup,3.3,3,travel,03 May 2023,07:00 pm,6 - Booked,https://www.nationalcar.com/en/profile.html#/trips,,,"Confirmation Number #1546937296

Upon arrival, please proceed to the National Car Rental counter."
AirBnB,3.4,3,lodging,03 May 2023,04:00 pm,6 - Booked,https://airbnb.com,"831 Ninita Street, Santa Fe, NM 87505",,"We're going to leave you a gate key fob inside of the house whenever you'd like to open and close the electric gate, just please note that the fob has a $75 replacement fee if lost or stolen. The entire house is keyless entry/ exit with check in instructions below. : )

Once you arrive at 831 Ninita St, Santa Fe NM 87505, you will see that the electric gate is closed. To the left of the gate is a black keypad. Please use the code 2540420A to open. This is the same code to close the gate. You can park your car inside of the driveway. To close the gate, you will see another keypad once you walk in the driveway on your left.

These are the two keypads to open and close the electric gate. Please note that sometimes the keypads take a couple of tries to register the code. You will have the gate key fob once inside of the house but you will need the code for check in and check out. Also, if you ever need to open the gate from inside without the code or the fob, you can always pull out the cotter pins from each electric gate arm and swing the arms out of the metal latch to open manually.

To enter the house, follow the “Enter Here” sign dead ahead through the second gate. Immediately to your left are French Doors. This will be your entry/ exit point whenever entering or leaving the house. The code is 2540420 (same thing without the A). Please wait 3 seconds until you attempt to open the door so the mechanism can fully unlock.

Inside of the house, you will find a gate fob on the dining room table to open and close the gate from here on out. Please note that the drawers, cabinets and other locker items labeled “Private” are not for guest use.

Whenever leaving the house, make sure all other doors and windows are locked and exit out the French doors. Press the bottom right hand button in the door keypad labeled “Lock” with an arrow to lock the French Doors. Use the corresponding keypads (or gate key fob provided) to open and close the electric gate to exit the house.

ALWAYS close the outside electric gate when you’re leaving the house.

The house manager Sahar is fantastic and she or I will be available for any additional questions or help as needed. You can message her here through the AirBNB app or simply text/ call her at (507) 779-6888. If this number does not appear, please let us know and Sahar will message you directly so you have her direct cell.
"
"Thursday, May 4",4,2,,,,,,,,
Santa Fe Walking Tour,4.5,3,fun,04 May 2023,10:15 am,6 - Booked,https://friendsofhistorynm.org/walking-tours/,,$25 per person,"Meet your docent at the Lincoln Avenue entrance to the New Mexico History Museum, outside in the covered area to the left of the blue doors. Please print and bring tickets, or show them on your phone.
"
La Choza restaurant,4.6,3,food,04 May 2023,04:15 pm,0 - Idea,https://www.lachozasf.com,,,"> The closest restaurant with some of the absolute best New Mexican Food and iconic margarita’s is “La Choza”. They are literally a 3 minute walk from the house. Highly recommend. They do not take reservations and they get busy, FAST. If you want to get in right away, I recommend stopping in at 4:15PM to put your name on the list for their 4:30PM opening. By 5PM, their wait time is usually 1 - 2 hours +.
>
> Best walking path: Walk out of the driveway and turn left up Ninita St. until you hit Alarid St. (turn right there). If you follow that road straight it will take you directly to La Choza."
"Friday, May 5",5,2,,,,,,,,
Pasquals for breakfast,5.4,3,food,05 May 2023,08:00 am,0 - Idea,https://pasquals.com/,,,"Breakfast Menu 8 AM – 3 PM
"
Radish &amp; Rye,5.6,3,food,05 May 2023,06:15 pm,6 - Booked,https://radishandrye.com,"505 Cerrillos Road, Suite A-101 Santa Fe, NM, 87501",,
"Saturday, May 6",6,2,,,,,,,,
Railyard Farmer's Market,6.5,3,food,06 May 2023,08:00 am,0 - Idea,,,,"Railyard (my favorite area). Within the railyard, the infamous Farmers Market happens every Saturday morning starting at 8AM (HIGHLY RECOMMEND). 

8 - 1 on Saturday"
Cowgirl BBQ,6.6,3,food,06 May 2023,,1 - Proposed,https://cowgirlsantafe.com,"319 S Guadalupe St Santa Fe, NM 87501",,"> One on my absolute favorites is “Cowgirl”! This is a very energetic restaurant with an extremely lively outdoor patio and they generally have live music. Highly highly recommend for a good saloon experience! They are known for their BBQ with a mix of American West and Southwest food. They are between the Railyard area and the Plaza on Guadalupe St. - 17 minute walk.
"
"Sunday, May 7",7,2,,,,,,,,
Railroad Artisans Market,7.5,3,fun,07 May 2023,10:00 am,,https://santafefarmersmarket.com/railyard-artisan-market/,,,"10 - 3
"
"Monday, May 8",8,2,,,,,,,,
Alaska Flight # 650 back,8.1,3,travel,08 May 2023,07:50 pm,6 - Booked,https://www.alaskaair.com/trips,,,"Flight confirmation code: CDYCLM  

Departs Albuquerque at 7:50 pm  
Arrives Seattle 9:58 PM"
AirBnB Checkout,8.3,3,lodging,08 May 2023,10:00 am,6 - Booked,,,,
Trip to Taos,8.5,3,fun,08 May 2023,10:00 am,0 - Idea,,,,
Reference,98,2,,,,,,,,
Recommendations from AirBnB host,98.1,3,"food, fun",,,,,,,"Walking wise and just 5 minutes from the house, you have access to all of the Railyard (my favorite area). Within the railyard, the infamous Farmers Market happens every Saturday morning starting at 8AM (HIGHLY RECOMMEND). In the railyard, you have access to multiple breweries, restaurants, a distillery (""Altar Spirits"" which is worth a stop in), the Museo Cultural de Santa Fe market (check hours and days open), Violet Crown (my favorite movie theatre of all time), and the train depot! George RR Martin partnered in on a train experience called the ""Sky Railway."" Here you can board these adventure trains which journey to Lamy, NM and back, offering live music, entertainment, bar tender service and drinks as well as the random murder mystery! (Book your Sky Railway tickets well in advance, www.skyrailway.com). 

If you continue walking, you will want to explore the historic downtown plaza (only 20 minutes walk from the house). ""Santa Fe Plaza."" There is quite a lot to see here. You could spend an entire half or full day exploring this area.

Additionally, ""Canyon Road"" is a must see and is well known for it's world renowned art presence. Santa Fe has the 3rd largest art market in the US. Canyon Road is about a 10 minute walk + from the Plaza, depending on where you are.

One of my local favorites is ""Meow Wolf"", which is a mind bending, explorable art experience. The less you know about, the better! You can grab a drink there before before going in if you like and they serve local beers and wines. I recommend booking tickets online beforehand as it can get very busy.

On the way up to the Santa Fe National Forest (towards the ski area) and set in the hillside is ""Ten Thousand Waves"". Famous for it's spas! They also have a Japanese restaurant on site, ""Izanami"", which is fantastic and referenced below.

Speaking of food, here are some of my absolute favorite spots. Most are in walking distance although I have included their proximity below for reference (with the best walking path from the house). I highly recommend reservations in advance.

The closest restaurant with some of the absolute best New Mexican Food and iconic margarita's is ""La Choza"". They are literally a 3 minute walk from the house. Highly recommend. They do not take reservations and they get busy, FAST. If you want to get in right away, I recommend stopping in at 4:15PM to put your name on the list for their 4:30PM opening. By 5PM, their wait time is usually 1 - 2 hours +.

Best walking path: Walk out of the driveway and turn left up Ninita St. until you hit Alarid St. (turn right there). If you follow that road straight it will take you directly to La Choza. To continue walking into town (Railyard area and Downtown Plaza), directly past La Choza is a bike path, walk that path toward the park (to the left). You’ll see the train tracks cross there. Follow the train train tracks toward the park. You can follow that path all the way through the Railyard which points you towards downtown.

""Opuntia Cafe"", in the Railyard area is a teahouse in a greenhouse. Amazing food and ambiance with an upstairs balcony, overlooking the Railyard.

""Tomasita's"" is another New Mexican Food staple which is just in the Railyard area. The swirl margarita is delicious and dangerously strong. Be warned..

One on my absolute favorites is ""Cowgirl""! This is a very energetic restaurant with an extremely lively outdoor patio and they generally have live music. Highly highly recommend for a good saloon experience! They are known for their BBQ with a mix of American West and Southwest food. They are between the Railyard area and the Plaza on Guadalupe St. - 17 minute walk.

For Italian Food and uniquely flavored smoked beer (as well as wine and other things), my friends brewery ""Chili Line Brewery"" is attached to his fathers restaurant ""Lino's Trattoria and Pizzeria"" (and you can order both from the same location). Fantastic fantastic Pizza and Italian food (they are truly from Italy and the end result shows it), great interior patio and sometimes live music to enjoy. Please tell Xander I sent you if you go and he'll give you 10% off your bill.

For Sushi and unique Japanese drinks/ beers, one of the absolute best is ""Izanami"" (as mentioned above) which is attached to Ten Thousand Waves. This is towards the ski area and best to drive or Uber.

""La Boca"" is fantastic option for wine and food pairings. They have a really nice mix of Mediterranean and Spanish cuisine with excellent wine and service. In downtown plaza area.

Another fantastic option is ""Dinner for Two"" (high end steaks and seafood). Amazing food and wine. Right near the plaza. Highly recommended.

Another favorite near the plaza is ""Fire and Hops"" (Gastropub). Really really good food and a large selection of local beers (they do serve wine and cider as well).

For amazing high class Mexican / Latin food, ""Sazon."" Excellent excellent food and wine. In the Plaza area. New world cuisine and Tequileria. Excellent cocktails and food!

Let us not forget ""Radish & Rye"", farm to table! Great atmosphere with high end cuisine, cocktails and food/ drink pairings. Innovative foods, locally sourced and the menu changes with the seasons. Near the Railyard/ Downtown.

South Indian Restaurant favorite is ""Paper Dosa"". Their ""Dosa's"" are to die for. They are over by Trader Joe's (opposite direction of the plaza from my home).

Up Canyon Road (the art capital of Santa Fe which is an absolute must walk!) you have some pricier options (both award winners), ""Geronimo"" and the ""Compound."" Two different restaurants both with amazing food. Geronimo is steak and seafood. The Compound is always a new mix of food with a James Beard awarded chef, seafood, meat, American, or anything really, etc.

""The Tea house"" is also up Canyon Road and great for breakfast, brunch or lunch with nice outdoor area and great tea/ coffee options. (They close at 7PM some days so you could also do dinner here, check hours before you go).

French Bakery and Restaurant, ""Calfoutis"" for an absolutely superb French breakfast, brunch or lunch. Over by Trader Joe's area.

""Dolina's Bakery & Cafe"", another absolutely delicious option for breakfast or brunch. They serve a modern American Brunch with Eastern European Influences. This is just past the plaza area on Guadalupe street (25 minute walk)

If you feel adventurous and want to drive just to the outskirts of Santa Fe to Tesuque (or Uber about 15/ 20 minutes from the house), the ""Tesuque Village Market"" is one my favorites for margaritas, atmosphere and a delicious thin crust margarita pizza. (That's dinner although they serve breakfast and lunch as well). They mainly serve New Mexican food. Really great outdoor patio option and vibe."
Unscheduled,99,2,,,,,,,,
Bandelier National Park,99.5,3,hiking,,,,https://www.nps.gov/band/index.htm,,,"https://www.nps.gov/band/planyourvisit/the-main-loop-trail.htm
"
Canyon Road - Art,99.5,3,fun,,,,,,,
Collected Works Bookstore,99.5,3,fun,,,1 - Proposed,https://www.collectedworksbookstore.com/,"202 Galisteo St, Santa Fe, NM 87501",,"Located just a few blocks away from the Santa Fe Plaza, Collected Works is in many ways the best-known independent bookstore in the city. They’re the oldest locally owned bookstore in Santa Fe, and have been a fixture for over 40 years. Collected Works has a nice mix of recently-released titles along with classics and best-sellers. Inside the same building as the bookstore is an outpost of local coffee chain Iconik Coffee, where you can order freshly-roasted coffee, tea from ArtfulTea, pastries, breakfast burritos, and more. There’s plenty of seating, making it a great place to curl up with a cup of something caffeinated and a good book. Collected Works also hosts a variety of literary events and readings throughout the year, all of which are listed on their events calendar.
"
Dale Ball Trails,99.5,3,hiking,,,,https://sfct.org/,,,
House of Eternal Return at Meow Wolf,99.5,3,fun,,,0 - Idea,https://tickets.meowwolf.com/santa-fe/,,$42 per person,"Meow Wolf's House of Eternal Return is a mind-bending, explorable art experience for people of all ages in Santa Fe, New Mexico. Featuring over 70 rooms of immersive art, House of Eternal Return takes participants on a macrocosmic adventure of seemingly endless possibilities.

Heavily recommended."
Jean Cocteau Cinema,99.5,3,fun,,,0 - Idea,https://www.jeancocteaucinema.com,,,
Randall Davey Audobon Center,99.5,3,hiking,,,0 - Idea,https://randalldavey.audubon.org/,1800 Upper Canyon Road,,
Santa Fe Canyon Preserve,99.5,3,hiking,,,0 - Idea,https://www.nature.org/en-us/get-involved/how-to-help/places-we-protect/santa-fe-canyon-preserve/,,,"Take a walk along the 1.5-mile interpretive loop trail which details the colorful history and fragile ecology of the place. You might even catch sight of one of the area's resident beavers! Restoration efforts at the preserve have made the habitat enticing to these wood-gnawing critters. Beavers, along with their dams and lodges, are an increasingly common sight at this urban preserve.

This 525 acres of open space, only a few miles from Santa Fe's bustling historic Plaza, offers a thriving bosque of cottonwood and willow trees, a pond, the ruins of an historic Victorian-era dam, hiking trails, more than 140 species of birds and the original route of the Santa Fe River. One of the last unspoiled riparian areas along the river, the preserve is nestled in the foothills adjacent to the Santa Fe National Forest. Once here you can see red-wing blackbirds, a beaver lodge, colorful wildflowers and remnants of the city's historic past."
Sun Mountain,99.5,3,hiking,,,,https://www.alltrails.com/trail/us/new-mexico/sun-mountain-trail,,,
Violet Crown Movie Theatre,99.5,3,fun,,,0 - Idea,https://santafe.violetcrown.com,,,
El Farol,99.6,3,"food, fun",,,0 - Idea,https://www.elfarolsantafe.com,,,
Food Walking Tour,99.6,3,food,,,0 - Idea,https://www.foodtournewmexico.com/,,,"> I do know of an amazing food walking tour (if you’re interested), which my friend Nick hosts and it’s the absolute best in all of Santa Fe. Tell him I sent you if you decide to go! https://www.foodtournewmexico.com/

All of the tours are walking tours."
Opuntia Cafe,99.6,3,food,,,0 - Idea,https://www.opuntia.cafe,"1607 ALCALDESA ST., SANTA FE, NM 87501",,"> “Opuntia Cafe”, in the Railyard area is a teahouse in a greenhouse. Amazing food and ambiance with an upstairs balcony, overlooking the Railyard.

Breakfast/Brunch:  
 
+ Weekdays: 10am–3pm. 
+ Weekends: 9am-3pm

Happy Hour:

+ Wednesday - Sunday: 3pm - 6pm

Dinner: 

+ Wednesday - Sunday: 5pm - 9pm"
Sage Bakehouse,99.6,3,food,,,,https://www.sagebakehouse.com,"535 Cerrillos Road, Santa Fe, NM 87501",,"Sunday: Closed | 
Monday–Saturday: 7:30am - 2pm

breakfast and sandwiches"
Tomasita's Restaurant,99.6,3,food,,,0 - Idea,,,,"> “Tomasita’s” is another New Mexican Food staple which is just in the Railyard area. The swirl margarita is delicious and dangerously strong. Be warned..
"
EPUB Metadata,100.1,3,,,,,,,,"{:metadata}
	<dc:identifier id=""pub-identifier"">hbowie.net/Santa Fe Trip Book</dc:identifier>
	<dc:title id=""pub-title"">Santa Fe Trip Book</dc:title>
	<dc:creator id=""author"">Herb Bowie</dc:creator>
	<dc:language id=""pub-language"">en</dc:language>
	<meta property=""dcterms:modified"">=$today&yyyy-MM-dd'T'HH:mm:ss'Z'$=</meta>"
